{
  "publicPath": "/_nuxt/",
  "all": [
    "pages/first-ride-2018.15d2acf7088478c0600a.js.map",
    "pages/first-ride-2018.15d2acf7088478c0600a.js",
    "pages/spec-mines-oct-29-2017.274ee67fc7da273dd621.js",
    "pages/dody-ridge-run-fall-2017.375428d1c2979d88400f.js",
    "pages/creature-2017-recap.f4d59265402aa0c97d72.js",
    "pages/index.4c86b897d7340a010630.js",
    "pages/results.a4cb5dd607574956d2f6.js",
    "layouts/default.1d1dfaeb7202f80c45c9.js",
    "pages/relaunch.de1141743566c0c4e161.js",
    "common.ebae1c7841c83f87d953.js",
    "app.477087899ef55d982f82.js",
    "manifest.2d8c06cd1bfebc7bf76c.js",
    "LICENSES",
    "pages/pivot-switchblade-review.4c0409f35904feb13de8.js",
    "pages/pivot-switchblade-review.4c0409f35904feb13de8.js.map",
    "pages/spec-mines-oct-29-2017.274ee67fc7da273dd621.js.map",
    "pages/dody-ridge-run-fall-2017.375428d1c2979d88400f.js.map",
    "pages/creature-2017-recap.f4d59265402aa0c97d72.js.map",
    "pages/index.4c86b897d7340a010630.js.map",
    "pages/results.a4cb5dd607574956d2f6.js.map",
    "layouts/default.1d1dfaeb7202f80c45c9.js.map",
    "pages/relaunch.de1141743566c0c4e161.js.map",
    "common.ebae1c7841c83f87d953.js.map",
    "app.477087899ef55d982f82.js.map",
    "manifest.2d8c06cd1bfebc7bf76c.js.map",
    "index.spa.html",
    "index.ssr.html"
  ],
  "initial": [
    "manifest.2d8c06cd1bfebc7bf76c.js",
    "common.ebae1c7841c83f87d953.js",
    "app.477087899ef55d982f82.js"
  ],
  "async": [
    "pages/first-ride-2018.15d2acf7088478c0600a.js",
    "pages/spec-mines-oct-29-2017.274ee67fc7da273dd621.js",
    "pages/dody-ridge-run-fall-2017.375428d1c2979d88400f.js",
    "pages/creature-2017-recap.f4d59265402aa0c97d72.js",
    "pages/index.4c86b897d7340a010630.js",
    "pages/results.a4cb5dd607574956d2f6.js",
    "layouts/default.1d1dfaeb7202f80c45c9.js",
    "pages/relaunch.de1141743566c0c4e161.js",
    "pages/pivot-switchblade-review.4c0409f35904feb13de8.js"
  ],
  "modules": {
    "68037880": [
      7,
      20
    ],
    "75598506": [
      10,
      23
    ],
    "c834b8d4": [
      9,
      22
    ],
    "0b7f8473": [
      9,
      22
    ],
    "60c05c3a": [
      9,
      22
    ],
    "08cb3ee6": [
      6,
      19
    ],
    "6cac1b96": [
      9,
      22
    ],
    "10be8324": [
      9,
      22
    ],
    "6afe25d5": [
      9,
      22
    ],
    "a7cd99c4": [
      10,
      23
    ],
    "757667e5": [
      9,
      22
    ],
    "7d5ee444": [
      9,
      22
    ],
    "4d15ce1d": [
      7,
      20
    ],
    "5bb4982f": [
      9,
      22
    ],
    "1853d227": [
      10,
      23
    ],
    "cf53f8be": [
      9,
      22
    ],
    "6516c2a5": [
      9,
      22
    ],
    "c2e5706e": [
      9,
      22
    ],
    "2992a5aa": [
      9,
      22
    ],
    "0dfb7707": [
      7,
      20
    ],
    "2dea60c1": [
      9,
      22
    ],
    "1880044b": [
      9,
      22
    ],
    "a7a0685e": [
      9,
      22
    ],
    "c15264f6": [
      9,
      22
    ],
    "efb26ec0": [
      13,
      14
    ],
    "66aea22c": [
      10,
      23
    ],
    "6f938f0a": [
      9,
      22
    ],
    "234b2e84": [
      3,
      16
    ],
    "76cd1f1c": [
      9,
      22
    ],
    "cafd8ade": [
      9,
      22
    ],
    "592f2162": [
      2,
      15
    ],
    "7483cbc4": [
      9,
      22
    ],
    "3d07eee2": [
      6,
      19
    ],
    "17d26b7e": [
      10,
      23
    ],
    "5c558a5e": [
      9,
      22
    ],
    "2be0fde8": [
      10,
      23
    ],
    "d2f71534": [
      9,
      22
    ],
    "0ea4f949": [
      10,
      23
    ],
    "712e2577": [
      10,
      23
    ],
    "ccafb3ee": [
      9,
      22
    ],
    "73bbc457": [
      2,
      15
    ],
    "7f79d94d": [
      9,
      22
    ],
    "8799fd2e": [
      10,
      23
    ],
    "3763402e": [
      3,
      16
    ],
    "76da07b8": [
      1,
      0
    ],
    "94e66f6e": [
      9,
      22
    ],
    "1e8c6fe6": [
      9,
      22
    ],
    "ac57debe": [
      4,
      17
    ],
    "2671c1fe": [
      9,
      22
    ],
    "8ffdb454": [
      9,
      22
    ],
    "12f9bb20": [
      9,
      22
    ],
    "5c15a7fb": [
      4,
      17
    ],
    "2238fb6c": [
      9,
      22
    ],
    "6811ae24": [
      9,
      22
    ],
    "242a79b9": [
      9,
      22
    ],
    "56b3db78": [
      13,
      14
    ],
    "dd6d38b0": [
      9,
      22
    ],
    "238a3d90": [
      9,
      22
    ],
    "08f7a3b8": [
      10,
      23
    ],
    "387b20a8": [
      10,
      23
    ],
    "5bac6055": [
      9,
      22
    ],
    "e3a1358c": [
      10,
      23
    ],
    "4b50f74a": [
      8,
      21
    ],
    "73bbe7a2": [
      7,
      20
    ],
    "06da0d0c": [
      6,
      19
    ],
    "e1a7bf1a": [
      6,
      19
    ],
    "17f2e628": [
      9,
      22
    ],
    "196e9627": [
      9,
      22
    ],
    "71b96ea2": [
      9,
      22
    ],
    "cf619be0": [
      9,
      22
    ],
    "456c9501": [
      9,
      22
    ],
    "7b874edc": [
      9,
      22
    ],
    "6cb23b07": [
      10,
      23
    ],
    "2d4dc99c": [
      7,
      20
    ],
    "1ce4cb4b": [
      9,
      22
    ],
    "434ca71f": [
      9,
      22
    ],
    "fa368c4e": [
      9,
      22
    ],
    "0366f3d6": [
      9,
      22
    ],
    "729ba042": [
      9,
      22
    ],
    "93ae6174": [
      10,
      23
    ],
    "2005594d": [
      9,
      22
    ],
    "330dd0c3": [
      9,
      22
    ],
    "171af308": [
      9,
      22
    ],
    "f22857f6": [
      10,
      23
    ],
    "aadf7676": [
      13,
      14
    ],
    "3994e4f2": [
      10,
      23
    ],
    "420d2442": [
      9,
      22
    ],
    "30d39b1f": [
      9,
      22
    ],
    "3920a994": [
      10,
      23
    ],
    "54a1643b": [
      9,
      22
    ],
    "0b30e040": [
      9,
      22
    ],
    "6c707cc9": [
      9,
      22
    ],
    "4f183a6a": [
      9,
      22
    ],
    "dba5514a": [
      10,
      23
    ],
    "6c20def2": [
      9,
      22
    ],
    "3b78b599": [
      7,
      20
    ],
    "5e117605": [
      9,
      22
    ],
    "7dc14260": [
      4,
      17
    ],
    "55dcb786": [
      9,
      22
    ],
    "328be9cf": [
      10,
      23
    ],
    "45d8e30b": [
      10,
      23
    ],
    "40cc5304": [
      10,
      23
    ],
    "66dbc5ba": [
      2,
      15
    ],
    "d8687184": [
      9,
      22
    ],
    "dcd7e846": [
      9,
      22
    ],
    "116bf10f": [
      9,
      22
    ],
    "48624f28": [
      9,
      22
    ],
    "588fb3ab": [
      9,
      22
    ],
    "913e56ea": [
      10,
      23
    ],
    "4e2d3b81": [
      7,
      20
    ],
    "7f8f91fe": [
      10,
      23
    ],
    "821327de": [
      9,
      22
    ],
    "2799427a": [
      9,
      22
    ],
    "e1529754": [
      9,
      22
    ],
    "cceead98": [
      10,
      23
    ],
    "60b0d4b0": [
      9,
      22
    ],
    "09f9c928": [
      9,
      22
    ],
    "00a08b10": [
      13,
      14
    ],
    "71e36e6a": [
      8,
      21
    ],
    "8de81b86": [
      9,
      22
    ],
    "7495bc89": [
      9,
      22
    ],
    "1929cbf0": [
      9,
      22
    ],
    "4ace660c": [
      10,
      23
    ],
    "784cc36a": [
      6,
      19
    ],
    "a28250e6": [
      1,
      0
    ],
    "7b3bea6a": [
      9,
      22
    ],
    "4921b396": [
      10,
      23
    ],
    "48b6a620": [
      10,
      23
    ],
    "61eca379": [
      9,
      22
    ],
    "2d1f577b": [
      9,
      22
    ],
    "06e56b02": [
      9,
      22
    ],
    "05b67c6d": [
      13,
      14
    ],
    "3b62cf56": [
      9,
      22
    ],
    "251cc28f": [
      9,
      22
    ],
    "5d0ac858": [
      1,
      0
    ],
    "85363cc0": [
      9,
      22
    ],
    "73f9efef": [
      9,
      22
    ],
    "13876c00": [
      9,
      22
    ],
    "e6e28bc6": [
      9,
      22
    ],