{
  "publicPath": "/_nuxt/",
  "all": [
    "pages/spec-mines-oct-29-2017.22ea3ede5eb27c7cb429.js.map",
    "pages/spec-mines-oct-29-2017.22ea3ede5eb27c7cb429.js",
    "pages/dody-ridge-run-fall-2017.84706209b33693997394.js",
    "pages/creature-2017-recap.a93bb47a2dd3c7ee8371.js",
    "pages/index.1d23f33a96874fc99855.js",
    "pages/results.63ed0dfb476ee31c2733.js",
    "layouts/default.50548af2d3d62de603f9.js",
    "pages/relaunch.77051ae366c8dbb2cd75.js",
    "common.fffc7d0035650463b896.js",
    "app.a14e09495e7681124fe9.js",
    "manifest.ed1fd81300be71832092.js",
    "LICENSES",
    "pages/pivot-switchblade-review.255d1fd5aa2ded552bae.js",
    "pages/pivot-switchblade-review.255d1fd5aa2ded552bae.js.map",
    "pages/dody-ridge-run-fall-2017.84706209b33693997394.js.map",
    "pages/creature-2017-recap.a93bb47a2dd3c7ee8371.js.map",
    "pages/index.1d23f33a96874fc99855.js.map",
    "pages/results.63ed0dfb476ee31c2733.js.map",
    "layouts/default.50548af2d3d62de603f9.js.map",
    "pages/relaunch.77051ae366c8dbb2cd75.js.map",
    "common.fffc7d0035650463b896.js.map",
    "app.a14e09495e7681124fe9.js.map",
    "manifest.ed1fd81300be71832092.js.map",
    "index.spa.html",
    "index.ssr.html"
  ],
  "initial": [
    "manifest.ed1fd81300be71832092.js",
    "common.fffc7d0035650463b896.js",
    "app.a14e09495e7681124fe9.js"
  ],
  "async": [
    "pages/spec-mines-oct-29-2017.22ea3ede5eb27c7cb429.js",
    "pages/dody-ridge-run-fall-2017.84706209b33693997394.js",
    "pages/creature-2017-recap.a93bb47a2dd3c7ee8371.js",
    "pages/index.1d23f33a96874fc99855.js",
    "pages/results.63ed0dfb476ee31c2733.js",
    "layouts/default.50548af2d3d62de603f9.js",
    "pages/relaunch.77051ae366c8dbb2cd75.js",
    "pages/pivot-switchblade-review.255d1fd5aa2ded552bae.js"
  ],
  "modules": {
    "68037880": [
      6,
      18
    ],
    "75598506": [
      9,
      21
    ],
    "2d4e401e": [
      4,
      16
    ],
    "c834b8d4": [
      8,
      20
    ],
    "0b7f8473": [
      8,
      20
    ],
    "60c05c3a": [
      8,
      20
    ],
    "08cb3ee6": [
      5,
      17
    ],
    "6cac1b96": [
      8,
      20
    ],
    "10be8324": [
      8,
      20
    ],
    "4c08d2be": [
      4,
      16
    ],
    "6afe25d5": [
      8,
      20
    ],
    "a7cd99c4": [
      9,
      21
    ],
    "757667e5": [
      8,
      20
    ],
    "7d5ee444": [
      8,
      20
    ],
    "4d15ce1d": [
      6,
      18
    ],
    "5bb4982f": [
      8,
      20
    ],
    "1853d227": [
      9,
      21
    ],
    "cf53f8be": [
      8,
      20
    ],
    "6516c2a5": [
      8,
      20
    ],
    "c2e5706e": [
      9,
      21
    ],
    "2992a5aa": [
      8,
      20
    ],
    "0dfb7707": [
      6,
      18
    ],
    "2dea60c1": [
      8,
      20
    ],
    "8c1d0bb6": [
      9,
      21
    ],
    "1880044b": [
      8,
      20
    ],
    "a7a0685e": [
      8,
      20
    ],
    "c15264f6": [
      8,
      20
    ],
    "efb26ec0": [
      12,
      13
    ],
    "66aea22c": [
      9,
      21
    ],
    "6f938f0a": [
      8,
      20
    ],
    "234b2e84": [
      2,
      14
    ],
    "cafd8ade": [
      8,
      20
    ],
    "17f2e628": [
      8,
      20
    ],
    "2ea586e5": [
      8,
      20
    ],
    "592f2162": [
      1,
      0
    ],
    "7483cbc4": [
      8,
      20
    ],
    "3d07eee2": [
      5,
      17
    ],
    "2864d4d7": [
      1,
      0
    ],
    "17d26b7e": [
      9,
      21
    ],
    "5c558a5e": [
      8,
      20
    ],
    "2be0fde8": [
      9,
      21
    ],
    "d2f71534": [
      8,
      20
    ],
    "ccafb3ee": [
      8,
      20
    ],
    "73bbc457": [
      1,
      0
    ],
    "7f79d94d": [
      8,
      20
    ],
    "3763402e": [
      2,
      14
    ],
    "94e66f6e": [
      8,
      20
    ],
    "1e8c6fe6": [
      8,
      20
    ],
    "ac57debe": [
      3,
      15
    ],
    "2671c1fe": [
      8,
      20
    ],
    "8ffdb454": [
      8,
      20
    ],
    "12f9bb20": [
      8,
      20
    ],
    "5c15a7fb": [
      3,
      15
    ],
    "2238fb6c": [
      8,
      20
    ],
    "6811ae24": [
      8,
      20
    ],
    "242a79b9": [
      8,
      20
    ],
    "56b3db78": [
      12,
      13
    ],
    "dd6d38b0": [
      8,
      20
    ],
    "238a3d90": [
      8,
      20
    ],
    "08f7a3b8": [
      9,
      21
    ],
    "387b20a8": [
      9,
      21
    ],
    "5bac6055": [
      8,
      20
    ],
    "e3a1358c": [
      9,
      21
    ],
    "4b50f74a": [
      7,
      19
    ],
    "73bbe7a2": [
      6,
      18
    ],
    "06da0d0c": [
      5,
      17
    ],
    "e1a7bf1a": [
      5,
      17
    ],
    "cb81faac": [
      4,
      16
    ],
    "cc591374": [
      4,
      16
    ],
    "196e9627": [
      8,
      20
    ],
    "71b96ea2": [
      8,
      20
    ],
    "b2ef152e": [
      4,
      16
    ],
    "cf619be0": [
      8,
      20
    ],
    "456c9501": [
      8,
      20
    ],
    "7b874edc": [
      8,
      20
    ],
    "6cb23b07": [
      9,
      21
    ],
    "2d4dc99c": [
      6,
      18
    ],
    "1ce4cb4b": [
      8,
      20
    ],
    "434ca71f": [
      8,
      20
    ],
    "fa368c4e": [
      8,
      20
    ],
    "8e4cca96": [
      4,
      16
    ],
    "0366f3d6": [
      8,
      20
    ],
    "729ba042": [
      8,
      20
    ],
    "93ae6174": [
      9,
      21
    ],
    "2005594d": [
      8,
      20
    ],
    "330dd0c3": [
      8,
      20
    ],
    "171af308": [
      8,
      20
    ],
    "f22857f6": [
      9,
      21
    ],
    "aadf7676": [
      12,
      13
    ],
    "420d2442": [
      8,
      20
    ],
    "30d39b1f": [
      8,
      20
    ],
    "3920a994": [
      9,
      21
    ],
    "54a1643b": [
      8,
      20
    ],
    "0b30e040": [
      8,
      20
    ],
    "6c707cc9": [
      8,
      20
    ],
    "4f183a6a": [
      8,
      20
    ],
    "dba5514a": [
      9,
      21
    ],
    "6c20def2": [
      8,
      20
    ],
    "3b78b599": [
      6,
      18
    ],
    "5e117605": [
      8,
      20
    ],
    "7dc14260": [
      3,
      15
    ],
    "55dcb786": [
      8,
      20
    ],
    "328be9cf": [
      9,
      21
    ],
    "45d8e30b": [
      9,
      21
    ],
    "40cc5304": [
      9,
      21
    ],
    "e9f00ce2": [
      4,
      16
    ],
    "66dbc5ba": [
      1,
      0
    ],
    "d8687184": [
      8,
      20
    ],
    "dcd7e846": [
      8,
      20
    ],
    "116bf10f": [
      8,
      20
    ],
    "48624f28": [
      8,
      20
    ],
    "588fb3ab": [
      8,
      20
    ],
    "913e56ea": [
      9,
      21
    ],
    "4e2d3b81": [
      6,
      18
    ],
    "7f8f91fe": [
      9,
      21
    ],
    "4b08186e": [
      4,
      16
    ],
    "821327de": [
      8,
      20
    ],
    "2799427a": [
      8,
      20
    ],
    "e1529754": [
      8,
      20
    ],
    "cceead98": [
      9,
      21
    ],
    "60b0d4b0": [
      8,
      20
    ],
    "6c5428fa": [
      4,
      16
    ],
    "09f9c928": [
      8,
      20
    ],
    "00a08b10": [
      12,
      13
    ],
    "71e36e6a": [
      7,
      19
    ],
    "8de81b86": [
      8,
      20
    ],
    "7495bc89": [
      8,
      20
    ],
    "4ace660c": [
      9,
      21
    ],
    "784cc36a": [
      5,
      17
    ],
    "7b3bea6a": [
      8,
      20
    ],
    "4921b396": [
      9,
      21
    ],
    "48b6a620": [
      9,
      21
    ],
    "61eca379": [
      8,
      20
    ],
    "2d1f577b": [
      8,
      20
    ],
    "06e56b02": [
      8,
      20
    ],
    "05b67c6d": [
      12,
      13
    ],
    "3b62cf56": [
      8,
      20
    ],
    "251cc28f": [
      8,
      20
    ],
    "85363cc0": [
      8,
      20
    ],
    "73f9efef": [
      8,
      20
    ],
    "13876c00": [
      8,
      20
    ],
    "e6e28bc6": [
      8,
      20
    ],
    "b0b3bf66": [
      8,
      20
    ],
    "60f0ed28": [
      8,
      20
    ],